{"cameraMode":{"drawMode":0,"name":"Shaded","section":"Shading Mode"},"sceneLighting":true,"audioPlay":false,"sceneViewState":{"m_AlwaysRefresh":false,"showFog":true,"showSkybox":true,"showFlares":true,"showImageEffects":true,"showParticleSystems":true,"showVisualEffectGraphs":true,"m_FxEnabled":true},"in2DMode":false,"pivot":{"x":106.40464782714844,"y":1.6666771173477173,"z":153.53411865234376},"rotation":{"x":-0.19739118218421937,"y":-0.19498443603515626,"z":0.04009624198079109,"w":-0.9599018096923828},"size":17.681882858276368,"orthographic":false}